id,hominus,mindhr,htype,species_id,literature_id,id-2,iupac,formula,trivial,casrn,inchikey,subcat_id
1,1.2E-5,1700,L,1,729,1,oxygen,O2,,7782-44-7,MYMOFIZGZYHOMD-UHFFFAOYSA-N,1
2,1.3E-5,1500,L,1,603,1,oxygen,O2,,7782-44-7,MYMOFIZGZYHOMD-UHFFFAOYSA-N,1
3,1.3E-5,1500,L,1,602,1,oxygen,O2,,7782-44-7,MYMOFIZGZYHOMD-UHFFFAOYSA-N,1
4,1.3E-5,1400,L,1,239,1,oxygen,O2,,7782-44-7,MYMOFIZGZYHOMD-UHFFFAOYSA-N,1
5,1.3E-5,1500,L,1,57,1,oxygen,O2,,7782-44-7,MYMOFIZGZYHOMD-UHFFFAOYSA-N,1
6,1.3E-5,1500,L,1,744,1,oxygen,O2,,7782-44-7,MYMOFIZGZYHOMD-UHFFFAOYSA-N,1
15,1.0E-4,2800,L,2,603,2,ozone,O3,,10028-15-6,CBENFWSGALASAD-UHFFFAOYSA-N,1
16,1.0E-4,2800,L,2,602,2,ozone,O3,,10028-15-6,CBENFWSGALASAD-UHFFFAOYSA-N,1
17,1.1E-4,2400,L,2,725,2,ozone,O3,,10028-15-6,CBENFWSGALASAD-UHFFFAOYSA-N,1
18,1.3E-4,2000,L,2,744,2,ozone,O3,,10028-15-6,CBENFWSGALASAD-UHFFFAOYSA-N,1
31,7.8E-6,530,L,4,239,4,hydrogen,H2,,1333-74-0,UFHFLCQGNIYNRP-UHFFFAOYSA-N,2
32,7.7E-6,490,L,4,744,4,hydrogen,H2,,1333-74-0,UFHFLCQGNIYNRP-UHFFFAOYSA-N,2
57,9.1E-2,6600,L,8,729,8,hydrogen peroxide,H2O2,,7722-84-1,MHAJPDPJQMAIIY-UHFFFAOYSA-N,2
58,8.3E-2,7600,L,8,603,8,hydrogen peroxide,H2O2,,7722-84-1,MHAJPDPJQMAIIY-UHFFFAOYSA-N,2
59,7.6E-2,7300,L,8,602,8,hydrogen peroxide,H2O2,,7722-84-1,MHAJPDPJQMAIIY-UHFFFAOYSA-N,2
60,9.8E-2,6100,L,8,247,8,hydrogen peroxide,H2O2,,7722-84-1,MHAJPDPJQMAIIY-UHFFFAOYSA-N,2
74,6.4E-6,1600,L,9,729,9,nitrogen,N2,,7727-37-9,IJGRMHOSHXDMSA-UHFFFAOYSA-N,3
75,6.4E-6,1300,L,9,603,9,nitrogen,N2,,7727-37-9,IJGRMHOSHXDMSA-UHFFFAOYSA-N,3
76,6.4E-6,1300,L,9,602,9,nitrogen,N2,,7727-37-9,IJGRMHOSHXDMSA-UHFFFAOYSA-N,3
77,6.5E-6,1200,L,9,239,9,nitrogen,N2,,7727-37-9,IJGRMHOSHXDMSA-UHFFFAOYSA-N,3
78,6.5E-6,1200,L,9,58,9,nitrogen,N2,,7727-37-9,IJGRMHOSHXDMSA-UHFFFAOYSA-N,3
79,6.4E-6,1300,L,9,744,9,nitrogen,N2,,7727-37-9,IJGRMHOSHXDMSA-UHFFFAOYSA-N,3
85,5.9E-1,4200,L,10,603,10,ammonia,NH3,,7664-41-7,QGZKDVFQNNGYKY-UHFFFAOYSA-N,3
86,5.9E-1,4200,L,10,602,10,ammonia,NH3,,7664-41-7,QGZKDVFQNNGYKY-UHFFFAOYSA-N,3
87,5.8E-1,4400,L,10,777,10,ammonia,NH3,,7664-41-7,QGZKDVFQNNGYKY-UHFFFAOYSA-N,3
88,6.0E-1,4200,L,10,216,10,ammonia,NH3,,7664-41-7,QGZKDVFQNNGYKY-UHFFFAOYSA-N,3
89,1.0E-1,1500,L,10,744,10,ammonia,NH3,,7664-41-7,QGZKDVFQNNGYKY-UHFFFAOYSA-N,3
103,1.2E-1,3800,L,11,603,11,hydrazoic acid,HN3,,7782-79-8,JUINSXZKUKVTMD-UHFFFAOYSA-N,3
104,9.8E-2,3100,L,11,744,11,hydrazoic acid,HN3,,7782-79-8,JUINSXZKUKVTMD-UHFFFAOYSA-N,3
108,2.4E-4,2700,L,13,729,13,dinitrogen monoxide,N2O,nitrous oxide; laughing gas,10024-97-2,GQPLMRYTRLFLPF-UHFFFAOYSA-N,3
109,2.4E-4,2600,L,13,603,13,dinitrogen monoxide,N2O,nitrous oxide; laughing gas,10024-97-2,GQPLMRYTRLFLPF-UHFFFAOYSA-N,3
110,2.4E-4,2600,L,13,602,13,dinitrogen monoxide,N2O,nitrous oxide; laughing gas,10024-97-2,GQPLMRYTRLFLPF-UHFFFAOYSA-N,3
111,2.4E-4,2600,L,13,744,13,dinitrogen monoxide,N2O,nitrous oxide; laughing gas,10024-97-2,GQPLMRYTRLFLPF-UHFFFAOYSA-N,3
122,1.9E-5,1600,L,14,729,14,nitrogen monoxide,NO,nitric oxide,10102-43-9,MWUXSHHQAYIFBG-UHFFFAOYSA-N,3
123,1.9E-5,1600,L,14,603,14,nitrogen monoxide,NO,nitric oxide,10102-43-9,MWUXSHHQAYIFBG-UHFFFAOYSA-N,3
124,1.9E-5,1600,L,14,602,14,nitrogen monoxide,NO,nitric oxide,10102-43-9,MWUXSHHQAYIFBG-UHFFFAOYSA-N,3
125,1.9E-5,1500,L,14,631,14,nitrogen monoxide,NO,nitric oxide,10102-43-9,MWUXSHHQAYIFBG-UHFFFAOYSA-N,3
140,1.2E-4,2400,L,15,603,15,nitrogen dioxide,NO2,,10102-44-0,JCXJVPUVTGWSNB-UHFFFAOYSA-N,3
170,4.8E-1,4800,L,21,631,21,nitrous acid,HNO2,,7782-77-6,IOVCWXUNBOPUCH-UHFFFAOYSA-N,3
188,3.9E-1,8400,L,23,440,23,pernitric acid,HNO4,,26404-66-0,UUZZMWZGAZGXSF-UHFFFAOYSA-N,3
199,7.9E-6,1900,L,27,603,27,nitrogen trifluoride,NF3,,7783-54-2,GVGCUCJTUSOZKP-UHFFFAOYSA-N,4
200,7.9E-6,1900,L,27,744,27,nitrogen trifluoride,NF3,,7783-54-2,GVGCUCJTUSOZKP-UHFFFAOYSA-N,4
202,8.4E-6,2500,L,28,603,28,dinitrogen tetrafluoride,N2F4,tetrafluorohydrazine,10036-47-2,GFADZIUESKAXAK-UHFFFAOYSA-N,4
203,8.4E-6,2500,L,28,744,28,dinitrogen tetrafluoride,N2F4,tetrafluorohydrazine,10036-47-2,GFADZIUESKAXAK-UHFFFAOYSA-N,4
204,9.2E-4,2000,L,29,603,29,chlorine (molecular),Cl2,,7782-50-5,KZBUYRJDOAKODT-UHFFFAOYSA-N,5
205,9.2E-4,2000,L,29,602,29,chlorine (molecular),Cl2,,7782-50-5,KZBUYRJDOAKODT-UHFFFAOYSA-N,5
206,9.0E-4,2500,L,29,744,29,chlorine (molecular),Cl2,,7782-50-5,KZBUYRJDOAKODT-UHFFFAOYSA-N,5
231,6.5,5900,L,32,603,32,hypochlorous acid,HOCl,,7790-92-3,QWPPOHNGKGFGJK-UHFFFAOYSA-N,5
232,6.5,5900,L,32,602,32,hypochlorous acid,HOCl,,7790-92-3,QWPPOHNGKGFGJK-UHFFFAOYSA-N,5
233,6.5,5900,L,32,343,32,hypochlorous acid,HOCl,,7790-92-3,QWPPOHNGKGFGJK-UHFFFAOYSA-N,5
242,1.7E-1,1800,L,35,603,35,dichlorine monoxide,Cl2O,,7791-21-1,RCJVRSBWZCNNQT-UHFFFAOYSA-N,5
243,1.7E-1,1800,L,35,602,35,dichlorine monoxide,Cl2O,,7791-21-1,RCJVRSBWZCNNQT-UHFFFAOYSA-N,5
244,1.7E-1,1800,L,35,744,35,dichlorine monoxide,Cl2O,,7791-21-1,RCJVRSBWZCNNQT-UHFFFAOYSA-N,5
246,1.0E-2,3500,L,36,603,36,chlorine dioxide,ClO2,,10049-04-4,OSVXSBDYLRYLIG-UHFFFAOYSA-N,5
247,1.0E-2,3500,L,36,602,36,chlorine dioxide,ClO2,,10049-04-4,OSVXSBDYLRYLIG-UHFFFAOYSA-N,5
248,1.0E-2,3300,L,36,744,36,chlorine dioxide,ClO2,,10049-04-4,OSVXSBDYLRYLIG-UHFFFAOYSA-N,5
256,8.6E-1,6000,L,40,603,40,chloramine,NH2Cl,chloramide,10599-90-3,QDHHCQZDFGDHMP-UHFFFAOYSA-N,5
257,8.6E-1,6000,L,40,602,40,chloramine,NH2Cl,chloramide,10599-90-3,QDHHCQZDFGDHMP-UHFFFAOYSA-N,5
259,2.9E-1,4200,L,41,603,41,dichloramine,NHCl2,chlorimide,3400-09-7,JSYGRUBHOCKMGQ-UHFFFAOYSA-N,5
260,2.9E-1,4200,L,41,602,41,dichloramine,NHCl2,chlorimide,3400-09-7,JSYGRUBHOCKMGQ-UHFFFAOYSA-N,5
262,9.9E-4,4100,L,42,603,42,nitrogen trichloride,NCl3,,10025-85-1,QEHKBHWEUPXBCW-UHFFFAOYSA-N,5
263,9.9E-4,4100,L,42,602,42,nitrogen trichloride,NCl3,,10025-85-1,QEHKBHWEUPXBCW-UHFFFAOYSA-N,5
265,7.2E-3,4400,L,43,603,43,bromine (molecular),Br2,,7726-95-6,GDTBXPJZTBHREO-UHFFFAOYSA-N,6
266,7.2E-3,4400,L,43,602,43,bromine (molecular),Br2,,7726-95-6,GDTBXPJZTBHREO-UHFFFAOYSA-N,6
295,9.7E-3,5600,L,49,603,49,bromine chloride,BrCl,,13863-41-7,CODNYICXDISAEA-UHFFFAOYSA-N,6
296,9.7E-3,5600,L,49,602,49,bromine chloride,BrCl,,13863-41-7,CODNYICXDISAEA-UHFFFAOYSA-N,6
318,1.0E-3,2100,L,56,603,56,hydrogen sulfide,H2S,,7783-06-4,RWSOTUBLDIXVET-UHFFFAOYSA-N,8
319,1.0E-3,2100,L,56,602,56,hydrogen sulfide,H2S,,7783-06-4,RWSOTUBLDIXVET-UHFFFAOYSA-N,8
320,1.0E-3,2000,L,56,239,56,hydrogen sulfide,H2S,,7783-06-4,RWSOTUBLDIXVET-UHFFFAOYSA-N,8
321,1.0E-3,2200,L,56,127,56,hydrogen sulfide,H2S,,7783-06-4,RWSOTUBLDIXVET-UHFFFAOYSA-N,8
322,1.0E-3,2000,L,56,777,56,hydrogen sulfide,H2S,,7783-06-4,RWSOTUBLDIXVET-UHFFFAOYSA-N,8
323,1.0E-3,2100,L,56,216,56,hydrogen sulfide,H2S,,7783-06-4,RWSOTUBLDIXVET-UHFFFAOYSA-N,8
324,1.0E-3,2100,L,56,744,56,hydrogen sulfide,H2S,,7783-06-4,RWSOTUBLDIXVET-UHFFFAOYSA-N,8
335,1.3E-2,2900,L,57,603,57,sulfur dioxide,SO2,,7446-09-5,RAHZWNYVWXNFOC-UHFFFAOYSA-N,8
336,1.3E-2,2900,L,57,602,57,sulfur dioxide,SO2,,7446-09-5,RAHZWNYVWXNFOC-UHFFFAOYSA-N,8
337,1.2E-2,3100,L,57,777,57,sulfur dioxide,SO2,,7446-09-5,RAHZWNYVWXNFOC-UHFFFAOYSA-N,8
338,1.2E-2,3200,L,57,463,57,sulfur dioxide,SO2,,7446-09-5,RAHZWNYVWXNFOC-UHFFFAOYSA-N,8
339,1.2E-2,3000,L,57,216,57,sulfur dioxide,SO2,,7446-09-5,RAHZWNYVWXNFOC-UHFFFAOYSA-N,8
340,1.4E-2,2800,L,57,744,57,sulfur dioxide,SO2,,7446-09-5,RAHZWNYVWXNFOC-UHFFFAOYSA-N,8
357,2.4E-6,3100,L,60,729,60,sulfur hexafluoride,SF6,,2551-62-4,SFZCNBIFKDRMGX-UHFFFAOYSA-N,8
358,2.5E-6,2100,L,60,239,60,sulfur hexafluoride,SF6,,2551-62-4,SFZCNBIFKDRMGX-UHFFFAOYSA-N,8
359,2.4E-6,2400,L,60,744,60,sulfur hexafluoride,SF6,,2551-62-4,SFZCNBIFKDRMGX-UHFFFAOYSA-N,8
368,3.9E-6,15,L,62,239,62,helium,He,,7440-59-7,SWQJXJOGLNCZEY-UHFFFAOYSA-N,9
369,3.8E-6,83,L,62,7,62,helium,He,,7440-59-7,SWQJXJOGLNCZEY-UHFFFAOYSA-N,9
370,3.8E-6,92,L,62,744,62,helium,He,,7440-59-7,SWQJXJOGLNCZEY-UHFFFAOYSA-N,9
377,4.5E-6,430,L,63,239,63,neon,Ne,,7440-01-9,GKAOGPIIYCISHV-UHFFFAOYSA-N,9
378,4.4E-6,470,L,63,7,63,neon,Ne,,7440-01-9,GKAOGPIIYCISHV-UHFFFAOYSA-N,9
379,4.4E-6,450,L,63,744,63,neon,Ne,,7440-01-9,GKAOGPIIYCISHV-UHFFFAOYSA-N,9
386,1.4E-5,1700,L,64,729,64,argon,Ar,,7440-37-1,XKRFYHLGVUSROY-UHFFFAOYSA-N,9
387,1.4E-5,1400,L,64,239,64,argon,Ar,,7440-37-1,XKRFYHLGVUSROY-UHFFFAOYSA-N,9
388,1.4E-5,1500,L,64,7,64,argon,Ar,,7440-37-1,XKRFYHLGVUSROY-UHFFFAOYSA-N,9
389,1.4E-5,1500,L,64,744,64,argon,Ar,,7440-37-1,XKRFYHLGVUSROY-UHFFFAOYSA-N,9
401,2.5E-5,1700,L,65,239,65,krypton,Kr,,7439-90-9,DNNSSWSSYDEUBZ-UHFFFAOYSA-N,9
402,2.5E-5,1900,L,65,7,65,krypton,Kr,,7439-90-9,DNNSSWSSYDEUBZ-UHFFFAOYSA-N,9
403,2.5E-5,1900,L,65,744,65,krypton,Kr,,7439-90-9,DNNSSWSSYDEUBZ-UHFFFAOYSA-N,9
412,4.4E-5,2200,L,66,239,66,xenon,Xe,,7440-63-3,FHNFHKCVQCLJFQ-UHFFFAOYSA-N,9
413,4.3E-5,2300,L,66,7,66,xenon,Xe,,7440-63-3,FHNFHKCVQCLJFQ-UHFFFAOYSA-N,9
414,4.2E-5,2200,L,66,744,66,xenon,Xe,,7440-63-3,FHNFHKCVQCLJFQ-UHFFFAOYSA-N,9
422,9.1E-5,2900,L,67,7,67,radon,Rn,,10043-92-2,SYUHGPGVQRZVTB-UHFFFAOYSA-N,9
423,9.2E-5,2600,L,67,744,67,radon,Rn,,10043-92-2,SYUHGPGVQRZVTB-UHFFFAOYSA-N,9
429,8.3E-4,1900,L,69,744,69,selenium hydride,H2Se,,7783-07-5,BUGBHKTXTAQXES-UHFFFAOYSA-N,10
431,8.1E-5,2000,L,70,744,70,phosphorus trihydride,PH3,phosphine,7803-51-2,XYFCBTPGUUZFHI-UHFFFAOYSA-N,10
433,8.8E-5,2100,L,71,744,71,arsenic hydride,AsH3,arsine,7784-42-1,RQNWIZPPADIBDY-UHFFFAOYSA-N,10
434,1.1E-3,4800,L,72,166,72,mercury,Hg,,7439-97-6,QSHDDOUJBYECFT-UHFFFAOYSA-N,10
470,1.4E-5,1900,L,78,729,78,methane,CH4,,74-82-8,VNWKTOKETHGBQD-UHFFFAOYSA-N,11
471,1.4E-5,1600,L,78,603,78,methane,CH4,,74-82-8,VNWKTOKETHGBQD-UHFFFAOYSA-N,11
472,1.4E-5,1600,L,78,602,78,methane,CH4,,74-82-8,VNWKTOKETHGBQD-UHFFFAOYSA-N,11
473,1.4E-5,1500,L,78,239,78,methane,CH4,,74-82-8,VNWKTOKETHGBQD-UHFFFAOYSA-N,11
474,1.4E-5,1600,L,78,7,78,methane,CH4,,74-82-8,VNWKTOKETHGBQD-UHFFFAOYSA-N,11
476,1.4E-5,1700,L,78,744,78,methane,CH4,,74-82-8,VNWKTOKETHGBQD-UHFFFAOYSA-N,11
501,1.9E-5,2400,L,79,603,79,ethane,C2H6,,74-84-0,OTMSDBZUPAUEDD-UHFFFAOYSA-N,11
502,1.9E-5,2400,L,79,602,79,ethane,C2H6,,74-84-0,OTMSDBZUPAUEDD-UHFFFAOYSA-N,11
503,1.9E-5,2400,L,79,239,79,ethane,C2H6,,74-84-0,OTMSDBZUPAUEDD-UHFFFAOYSA-N,11
504,1.9E-5,2300,L,79,7,79,ethane,C2H6,,74-84-0,OTMSDBZUPAUEDD-UHFFFAOYSA-N,11
506,1.8E-5,2400,L,79,744,79,ethane,C2H6,,74-84-0,OTMSDBZUPAUEDD-UHFFFAOYSA-N,11
525,1.5E-5,2700,L,80,603,80,propane,C3H8,,74-98-6,ATUOYWHBWRKTHZ-UHFFFAOYSA-N,11
526,1.5E-5,2700,L,80,602,80,propane,C3H8,,74-98-6,ATUOYWHBWRKTHZ-UHFFFAOYSA-N,11
527,1.5E-5,2800,L,80,7,80,propane,C3H8,,74-98-6,ATUOYWHBWRKTHZ-UHFFFAOYSA-N,11
529,1.5E-5,2700,L,80,744,80,propane,C3H8,,74-98-6,ATUOYWHBWRKTHZ-UHFFFAOYSA-N,11
546,1.2E-5,3100,L,81,603,81,butane,C4H10,,106-97-8,IJDNQMDRQITEOD-UHFFFAOYSA-N,11
547,1.2E-5,3100,L,81,602,81,butane,C4H10,,106-97-8,IJDNQMDRQITEOD-UHFFFAOYSA-N,11
548,1.3E-5,3100,L,81,7,81,butane,C4H10,,106-97-8,IJDNQMDRQITEOD-UHFFFAOYSA-N,11
550,1.2E-5,3100,L,81,744,81,butane,C4H10,,106-97-8,IJDNQMDRQITEOD-UHFFFAOYSA-N,11
570,9.1E-6,2700,L,82,603,82,2-methylpropane,HC(CH3)3,isobutane,75-28-5,NNPPMTNAJDCUHE-UHFFFAOYSA-N,11
571,9.1E-6,2700,L,82,602,82,2-methylpropane,HC(CH3)3,isobutane,75-28-5,NNPPMTNAJDCUHE-UHFFFAOYSA-N,11
573,8.0E-6,2700,L,82,744,82,2-methylpropane,HC(CH3)3,isobutane,75-28-5,NNPPMTNAJDCUHE-UHFFFAOYSA-N,11
590,8.0E-6,3400,L,83,7,83,pentane,C5H12,,109-66-0,OFBQJSOFQDEBGM-UHFFFAOYSA-N,11
617,5.9E-6,3300,L,85,744,85,dimethylpropane,C(CH3)4,neopentane,463-82-1,CRSOQBOWXPBRES-UHFFFAOYSA-N,11
629,6.1E-6,3800,L,86,7,86,hexane,C6H14,,110-54-3,VLKZOEOYAKHREP-UHFFFAOYSA-N,11
697,4.4E-6,4100,L,91,7,91,heptane,C7H16,,142-82-5,IMNFDUFMRHMDMM-UHFFFAOYSA-N,11
767,3.1E-6,4300,L,100,7,100,octane,C8H18,,111-65-9,TVMXDCGIABBOFY-UHFFFAOYSA-N,11
1168,1.1E-4,1600,L,253,744,253,cyclopropane,C3H6,,75-19-4,LVZWSLJZHVFIQJ-UHFFFAOYSA-N,12
1345,5.9E-5,2200,L,285,603,285,ethene,C2H4,ethylene,74-85-1,VGGSQFUCUMXWEO-UHFFFAOYSA-N,13
1346,5.9E-5,2200,L,285,602,285,ethene,C2H4,ethylene,74-85-1,VGGSQFUCUMXWEO-UHFFFAOYSA-N,13
1348,4.7E-5,1800,L,285,744,285,ethene,C2H4,ethylene,74-85-1,VGGSQFUCUMXWEO-UHFFFAOYSA-N,13
1365,7.3E-5,3400,L,286,744,286,propene,C3H6,propylene,115-07-1,QQONPFPTGQHPMA-UHFFFAOYSA-N,13
1378,1.3E-4,6400,L,287,744,287,1-butene,C4H8,,106-98-9,VXNZUUAINFGPBY-UHFFFAOYSA-N,13
1394,5.6E-5,3000,L,291,744,291,2-methylpropene,C4H8,isobutene,115-11-7,VQTUBCCKSQIDNK-UHFFFAOYSA-N,13
1518,1.4E-4,4500,L,318,744,318,"1,3-butadiene",C4H6,,106-99-0,KAKZBPTYRLMSJV-UHFFFAOYSA-N,13
1624,4.1E-4,1700,L,347,603,347,ethyne,C2H2,acetylene,74-86-2,HSFWRNGVRCDJHI-UHFFFAOYSA-N,14
1625,4.1E-4,1800,L,347,602,347,ethyne,C2H2,acetylene,74-86-2,HSFWRNGVRCDJHI-UHFFFAOYSA-N,14
1626,4.1E-4,1800,L,347,744,347,ethyne,C2H2,acetylene,74-86-2,HSFWRNGVRCDJHI-UHFFFAOYSA-N,14
1655,7.5E-4,1900,L,349,744,349,1-butyne,C2H5CCH,ethylacetylene,107-00-6,KDKYADYSIPSCCQ-UHFFFAOYSA-N,14
1709,3.7E-4,1700,L,360,744,360,3-buten-1-yne,CH2CHCCH,vinylacetylene,689-97-4,WFYPICNXBKQZGB-UHFFFAOYSA-N,14
1718,1.7E-3,4200,L,362,675,362,benzene,C6H6,,71-43-2,UHOVQNZJYSORNB-UHFFFAOYSA-N,15
1719,1.6E-3,4100,L,362,674,362,benzene,C6H6,,71-43-2,UHOVQNZJYSORNB-UHFFFAOYSA-N,15
1819,1.5E-3,4300,L,364,675,364,methylbenzene,C6H5CH3,toluene,108-88-3,YXFVVABEGXRONW-UHFFFAOYSA-N,15
1820,1.5E-3,4000,L,364,674,364,methylbenzene,C6H5CH3,toluene,108-88-3,YXFVVABEGXRONW-UHFFFAOYSA-N,15
1925,2.4E-3,4200,L,366,247,366,"1,2-dimethylbenzene",C6H4(CH3)2,o-xylene,95-47-6,CTQNGGLPUBDAKN-UHFFFAOYSA-N,15
1926,2.0E-3,4300,L,366,675,366,"1,2-dimethylbenzene",C6H4(CH3)2,o-xylene,95-47-6,CTQNGGLPUBDAKN-UHFFFAOYSA-N,15
1927,1.9E-3,4000,L,366,674,366,"1,2-dimethylbenzene",C6H4(CH3)2,o-xylene,95-47-6,CTQNGGLPUBDAKN-UHFFFAOYSA-N,15
1965,1.4E-3,4200,L,368,675,368,"1,3-dimethylbenzene",C6H4(CH3)2,m-xylene,108-38-3,IVSZLXZYQVIEFR-UHFFFAOYSA-N,15
1966,1.3E-3,4200,L,368,674,368,"1,3-dimethylbenzene",C6H4(CH3)2,m-xylene,108-38-3,IVSZLXZYQVIEFR-UHFFFAOYSA-N,15
1996,1.9E-3,4200,L,369,247,369,"1,4-dimethylbenzene",C6H4(CH3)2,p-xylene,106-42-3,URLKBWYHVLBVBO-UHFFFAOYSA-N,15
1997,1.3E-3,4000,L,369,675,369,"1,4-dimethylbenzene",C6H4(CH3)2,p-xylene,106-42-3,URLKBWYHVLBVBO-UHFFFAOYSA-N,15
1998,1.3E-3,3800,L,369,674,369,"1,4-dimethylbenzene",C6H4(CH3)2,p-xylene,106-42-3,URLKBWYHVLBVBO-UHFFFAOYSA-N,15
2036,2.7E-3,4800,L,370,247,370,"1,2,3-trimethylbenzene",C6H3(CH3)3,,526-73-8,FYGHSUNMUKGBRK-UHFFFAOYSA-N,15
2050,1.7E-3,3100,L,371,247,371,"1,2,4-trimethylbenzene",C6H3(CH3)3,,95-63-6,GWHJZXXIDMPWGX-UHFFFAOYSA-N,15
2106,1.4E-3,4800,L,375,247,375,ethylbenzene,C6H5C2H5,,100-41-4,YNQLUTRBYVCPMQ-UHFFFAOYSA-N,15
2107,1.3E-3,5100,L,375,675,375,ethylbenzene,C6H5C2H5,,100-41-4,YNQLUTRBYVCPMQ-UHFFFAOYSA-N,15
2108,1.2E-3,5100,L,375,674,375,ethylbenzene,C6H5C2H5,,100-41-4,YNQLUTRBYVCPMQ-UHFFFAOYSA-N,15
2206,1.2E-3,3200,L,381,675,381,(2-propyl)-benzene,C6H5C3H7,isopropylbenzene; cumene,98-82-8,RWGFKTVRMDUZSP-UHFFFAOYSA-N,15
2573,2.2E-2,5300,L,458,247,458,naphthalene,C10H8,,91-20-3,UFWIBTONFRDIAS-UHFFFAOYSA-N,17
2619,2.2E-2,6100,L,460,247,460,1-methylnaphthalene,C10H7CH3,,90-12-0,QPUYECUOLPXSFR-UHFFFAOYSA-N,17
2640,1.8E-2,5600,L,462,247,462,2-methylnaphthalene,C10H7CH3,,91-57-6,QIMMUPPBPVKWKM-UHFFFAOYSA-N,17
2714,5.5E-2,6500,L,475,247,475,acenaphthene,C12H10,,83-32-9,CWRYPZZKDGJXCA-UHFFFAOYSA-N,17
2745,9.1E-2,6700,L,476,247,476,acenaphthylene,C12H8,,208-96-8,HXGDTGSAIMULJN-UHFFFAOYSA-N,17
2762,2.3E-1,4200,L,477,247,477,phenanthrene,C14H10,,85-01-8,YNPNZTXNASCQKK-UHFFFAOYSA-N,17
2806,1.1E-1,6000,L,480,247,480,"2,3-benzindene",C13H10,fluorene,86-73-7,NIHNNTQXNPWCJQ-UHFFFAOYSA-N,17
2841,1.7E-1,5700,L,482,247,482,anthracene,C14H10,,120-12-7,MWPLVEDNUUSJAV-UHFFFAOYSA-N,17
2879,6.6E-1,4800,L,485,247,485,pyrene,C16H10,,129-00-0,BBEAQIROQSPTKN-UHFFFAOYSA-N,17
2933,5.4E-1,4800,L,492,247,492,benzo[jk]fluorene,C16H10,fluoranthene,206-44-0,GVEPBJHOBDJJJI-UHFFFAOYSA-N,17
2955,9.0E-1,7900,L,493,247,493,benz[a]anthracene,C18H12,,56-55-3,DXBHBZVCASKNBY-UHFFFAOYSA-N,17
3104,9.7E-6,1300,L,528,729,528,carbon monoxide,CO,,630-08-0,UGFAIRIUMAVXCW-UHFFFAOYSA-N,18
3105,9.7E-6,1300,L,528,603,528,carbon monoxide,CO,,630-08-0,UGFAIRIUMAVXCW-UHFFFAOYSA-N,18
3106,9.7E-6,1300,L,528,602,528,carbon monoxide,CO,,630-08-0,UGFAIRIUMAVXCW-UHFFFAOYSA-N,18
3107,9.7E-6,1300,L,528,239,528,carbon monoxide,CO,,630-08-0,UGFAIRIUMAVXCW-UHFFFAOYSA-N,18
3108,9.4E-6,1300,L,528,744,528,carbon monoxide,CO,,630-08-0,UGFAIRIUMAVXCW-UHFFFAOYSA-N,18
3117,3.3E-4,2400,L,529,603,529,carbon dioxide,CO2,,124-38-9,CURLTUGMZLYLDI-UHFFFAOYSA-N,18
3118,3.3E-4,2400,L,529,602,529,carbon dioxide,CO2,,124-38-9,CURLTUGMZLYLDI-UHFFFAOYSA-N,18
3119,3.3E-4,2300,L,529,239,529,carbon dioxide,CO2,,124-38-9,CURLTUGMZLYLDI-UHFFFAOYSA-N,18
3120,3.4E-4,2300,L,529,128,529,carbon dioxide,CO2,,124-38-9,CURLTUGMZLYLDI-UHFFFAOYSA-N,18
3121,3.4E-4,2400,L,529,177,529,carbon dioxide,CO2,,124-38-9,CURLTUGMZLYLDI-UHFFFAOYSA-N,18
3122,3.4E-4,2300,L,529,777,529,carbon dioxide,CO2,,124-38-9,CURLTUGMZLYLDI-UHFFFAOYSA-N,18
3123,3.4E-4,2400,L,529,216,529,carbon dioxide,CO2,,124-38-9,CURLTUGMZLYLDI-UHFFFAOYSA-N,18
3124,3.3E-4,2400,L,529,744,529,carbon dioxide,CO2,,124-38-9,CURLTUGMZLYLDI-UHFFFAOYSA-N,18
3125,3.4E-4,2400,L,529,738,529,carbon dioxide,CO2,,124-38-9,CURLTUGMZLYLDI-UHFFFAOYSA-N,18
3142,2.0,5600,L,531,603,531,methanol,CH3OH,,67-56-1,OKKJLVBELUTLKV-UHFFFAOYSA-N,19
3143,2.1,5300,L,531,727,531,methanol,CH3OH,,67-56-1,OKKJLVBELUTLKV-UHFFFAOYSA-N,19
3144,2.2,5200,L,531,602,531,methanol,CH3OH,,67-56-1,OKKJLVBELUTLKV-UHFFFAOYSA-N,19
3145,2.0,5500,L,531,204,531,methanol,CH3OH,,67-56-1,OKKJLVBELUTLKV-UHFFFAOYSA-N,19
3146,1.7,4500,L,531,247,531,methanol,CH3OH,,67-56-1,OKKJLVBELUTLKV-UHFFFAOYSA-N,19
3176,1.9,6400,L,532,603,532,ethanol,C2H5OH,,64-17-5,LFQSCWFLJHTTHZ-UHFFFAOYSA-N,19
3177,1.9,6300,L,532,727,532,ethanol,C2H5OH,,64-17-5,LFQSCWFLJHTTHZ-UHFFFAOYSA-N,19
3178,2.0,6600,L,532,602,532,ethanol,C2H5OH,,64-17-5,LFQSCWFLJHTTHZ-UHFFFAOYSA-N,19
3179,1.8,6300,L,532,204,532,ethanol,C2H5OH,,64-17-5,LFQSCWFLJHTTHZ-UHFFFAOYSA-N,19
3180,1.7,5700,L,532,247,532,ethanol,C2H5OH,,64-17-5,LFQSCWFLJHTTHZ-UHFFFAOYSA-N,19
3208,1.4,6900,L,533,603,533,1-propanol,C3H7OH,,71-23-8,BDERNNFJNOPAEC-UHFFFAOYSA-N,19
3209,1.3,7500,L,533,602,533,1-propanol,C3H7OH,,71-23-8,BDERNNFJNOPAEC-UHFFFAOYSA-N,19
3210,1.4,6900,L,533,204,533,1-propanol,C3H7OH,,71-23-8,BDERNNFJNOPAEC-UHFFFAOYSA-N,19
3211,1.4,6200,L,533,247,533,1-propanol,C3H7OH,,71-23-8,BDERNNFJNOPAEC-UHFFFAOYSA-N,19
3231,1.3,7500,L,534,603,534,2-propanol,C3H7OH,isopropanol,67-63-0,KFZMGEQAYNKOFK-UHFFFAOYSA-N,19
3232,1.3,7500,L,534,602,534,2-propanol,C3H7OH,isopropanol,67-63-0,KFZMGEQAYNKOFK-UHFFFAOYSA-N,19
3233,1.2,6200,L,534,247,534,2-propanol,C3H7OH,isopropanol,67-63-0,KFZMGEQAYNKOFK-UHFFFAOYSA-N,19
3257,1.2,7500,L,536,603,536,1-butanol,C4H9OH,,71-36-3,LRHPLDYGYMQRHN-UHFFFAOYSA-N,19
3258,1.3,7200,L,536,602,536,1-butanol,C4H9OH,,71-36-3,LRHPLDYGYMQRHN-UHFFFAOYSA-N,19
3259,1.2,7500,L,536,204,536,1-butanol,C4H9OH,,71-36-3,LRHPLDYGYMQRHN-UHFFFAOYSA-N,19
3260,1.1,6300,L,536,247,536,1-butanol,C4H9OH,,71-36-3,LRHPLDYGYMQRHN-UHFFFAOYSA-N,19
3291,1.1,7300,L,537,603,537,2-butanol,C4H10O,<i>sec</i>-butanol,78-92-2,BTANRVKWQNVYAZ-UHFFFAOYSA-N,19
3292,1.1,7300,L,537,602,537,2-butanol,C4H10O,<i>sec</i>-butanol,78-92-2,BTANRVKWQNVYAZ-UHFFFAOYSA-N,19
3293,1.0,7400,L,537,247,537,2-butanol,C4H10O,<i>sec</i>-butanol,78-92-2,BTANRVKWQNVYAZ-UHFFFAOYSA-N,19
3325,6.9E-1,8300,L,539,603,539,2-methyl-2-propanol,C4H10O,<i>tert</i>-butanol,75-65-0,DKGAVHZHDRPRBM-UHFFFAOYSA-N,19
3326,6.9E-1,8300,L,539,602,539,2-methyl-2-propanol,C4H10O,<i>tert</i>-butanol,75-65-0,DKGAVHZHDRPRBM-UHFFFAOYSA-N,19
3341,1.0,7900,L,540,204,540,1-pentanol,C5H11OH,amyl alcohol,71-41-0,AMQJEAYHLZJPGS-UHFFFAOYSA-N,19
4255,2.9,5200,L,908,729,908,methyl hydroperoxide,CH3OOH,methyl peroxide,3031-73-0,MEUKEBNAABNAEX-UHFFFAOYSA-N,21
4256,3.0,5300,L,908,603,908,methyl hydroperoxide,CH3OOH,methyl peroxide,3031-73-0,MEUKEBNAABNAEX-UHFFFAOYSA-N,21
4257,3.0,5300,L,908,602,908,methyl hydroperoxide,CH3OOH,methyl peroxide,3031-73-0,MEUKEBNAABNAEX-UHFFFAOYSA-N,21
4258,3.1,5300,L,908,675,908,methyl hydroperoxide,CH3OOH,methyl peroxide,3031-73-0,MEUKEBNAABNAEX-UHFFFAOYSA-N,21
4266,3.3,6000,L,909,603,909,ethyl hydroperoxide,C2H5OOH,ethyl peroxide,3031-74-1,ILHIHKRJJMKBEE-UHFFFAOYSA-N,21
4272,1.7E-4,9900,L,910,603,910,hydroxymethyl hydroperoxide,HOCH2OOH,HMHP; HMP,15932-89-5,NEZWFWIACBUQMN-UHFFFAOYSA-N,21
4273,1.7E-4,9900,L,910,602,910,hydroxymethyl hydroperoxide,HOCH2OOH,HMHP; HMP,15932-89-5,NEZWFWIACBUQMN-UHFFFAOYSA-N,21
4274,1.6E-4,10000,L,910,675,910,hydroxymethyl hydroperoxide,HOCH2OOH,HMHP; HMP,15932-89-5,NEZWFWIACBUQMN-UHFFFAOYSA-N,21
4297,3.2E-1,6800,L,919,729,919,methanal,HCHO,formaldehyde,50-00-0,WSFSSNUMVMOOMR-UHFFFAOYSA-N,22
4298,3.2E-1,7100,L,919,603,919,methanal,HCHO,formaldehyde,50-00-0,WSFSSNUMVMOOMR-UHFFFAOYSA-N,22
4299,3.2E-1,7100,L,919,602,919,methanal,HCHO,formaldehyde,50-00-0,WSFSSNUMVMOOMR-UHFFFAOYSA-N,22
4300,3.2E-1,6800,L,919,675,919,methanal,HCHO,formaldehyde,50-00-0,WSFSSNUMVMOOMR-UHFFFAOYSA-N,22
4301,3.2E-1,6800,L,919,674,919,methanal,HCHO,formaldehyde,50-00-0,WSFSSNUMVMOOMR-UHFFFAOYSA-N,22
4326,1.3E-1,5900,L,920,603,920,ethanal,CH3CHO,acetaldehyde,75-07-0,IKHGUXGNUITLKF-UHFFFAOYSA-N,22
4327,1.3E-1,5900,L,920,602,920,ethanal,CH3CHO,acetaldehyde,75-07-0,IKHGUXGNUITLKF-UHFFFAOYSA-N,22
4328,1.3E-1,5700,L,920,675,920,ethanal,CH3CHO,acetaldehyde,75-07-0,IKHGUXGNUITLKF-UHFFFAOYSA-N,22
4329,1.4E-1,5600,L,920,674,920,ethanal,CH3CHO,acetaldehyde,75-07-0,IKHGUXGNUITLKF-UHFFFAOYSA-N,22
4354,9.9E-2,4300,L,921,603,921,propanal,C2H5CHO,propionaldehyde,123-38-6,NBBJYMSMWIIQGU-UHFFFAOYSA-N,22
4355,9.9E-2,4300,L,921,602,921,propanal,C2H5CHO,propionaldehyde,123-38-6,NBBJYMSMWIIQGU-UHFFFAOYSA-N,22
4373,9.5E-2,6200,L,922,603,922,butanal,C3H7CHO,butyraldehyde,123-72-8,ZTQSAGDEMFDKMZ-UHFFFAOYSA-N,22
4374,9.5E-2,6200,L,922,602,922,butanal,C3H7CHO,butyraldehyde,123-72-8,ZTQSAGDEMFDKMZ-UHFFFAOYSA-N,22
4535,3.8E-1,5500,L,950,675,950,benzaldehyde,C6H5CHO,,100-52-7,HUMNYLRZRPPJDN-UHFFFAOYSA-N,22
4536,3.9E-1,4800,L,950,674,950,benzaldehyde,C6H5CHO,,100-52-7,HUMNYLRZRPPJDN-UHFFFAOYSA-N,22
4575,4.1E-3,7500,L,960,603,960,ethanedial,OHCCHO,glyoxal,107-22-2,LEQAOMBKQFMDFZ-UHFFFAOYSA-N,22
4587,2.7E-1,5500,L,962,603,962,propanone,CH3COCH3,acetone,67-64-1,CSCPPACGZOOCGX-UHFFFAOYSA-N,23
4588,3.3E-1,5300,L,962,562,962,propanone,CH3COCH3,acetone,67-64-1,CSCPPACGZOOCGX-UHFFFAOYSA-N,23
4589,2.8E-1,5100,L,962,602,962,propanone,CH3COCH3,acetone,67-64-1,CSCPPACGZOOCGX-UHFFFAOYSA-N,23
4590,2.6E-1,5700,L,962,247,962,propanone,CH3COCH3,acetone,67-64-1,CSCPPACGZOOCGX-UHFFFAOYSA-N,23
4591,2.8E-1,4800,L,962,675,962,propanone,CH3COCH3,acetone,67-64-1,CSCPPACGZOOCGX-UHFFFAOYSA-N,23
4592,3.0E-1,4600,L,962,674,962,propanone,CH3COCH3,acetone,67-64-1,CSCPPACGZOOCGX-UHFFFAOYSA-N,23
4638,1.8E-1,5700,L,965,603,965,butanone,C2H5COCH3,methyl ethyl ketone; MEK,78-93-3,ZWEHNKRNPOVVGH-UHFFFAOYSA-N,23
4639,1.8E-1,5700,L,965,602,965,butanone,C2H5COCH3,methyl ethyl ketone; MEK,78-93-3,ZWEHNKRNPOVVGH-UHFFFAOYSA-N,23
4640,1.9E-1,4600,L,965,247,965,butanone,C2H5COCH3,methyl ethyl ketone; MEK,78-93-3,ZWEHNKRNPOVVGH-UHFFFAOYSA-N,23
4641,1.8E-1,5400,L,965,675,965,butanone,C2H5COCH3,methyl ethyl ketone; MEK,78-93-3,ZWEHNKRNPOVVGH-UHFFFAOYSA-N,23
4642,2.0E-1,5000,L,965,674,965,butanone,C2H5COCH3,methyl ethyl ketone; MEK,78-93-3,ZWEHNKRNPOVVGH-UHFFFAOYSA-N,23
4959,1.1,7700,L,1021,675,1021,1-phenylethanone,C6H5COCH3,acetophenone,98-86-2,KWOLFJPFCHCOCG-UHFFFAOYSA-N,23
5051,7.3E-1,5700,L,1045,603,1045,"2,3-butanedione",CH3COCOCH3,biacetyl; dimethylglyoxal,431-03-8,QSJXEFYPDANLFS-UHFFFAOYSA-N,23
5088,8.8E-1,6100,L,1055,603,1055,methanoic acid,HCOOH,formic acid,64-18-6,BDAGIHXWWSANSR-UHFFFAOYSA-N,24
5089,8.8E-1,6100,L,1055,602,1055,methanoic acid,HCOOH,formic acid,64-18-6,BDAGIHXWWSANSR-UHFFFAOYSA-N,24
5090,6.7E-1,5900,L,1055,675,1055,methanoic acid,HCOOH,formic acid,64-18-6,BDAGIHXWWSANSR-UHFFFAOYSA-N,24
5113,4.0E-1,6200,L,1056,603,1056,ethanoic acid,CH3COOH,acetic acid,64-19-7,QTBSBXVTEAMEQO-UHFFFAOYSA-N,24
5114,4.0E-1,6200,L,1056,602,1056,ethanoic acid,CH3COOH,acetic acid,64-19-7,QTBSBXVTEAMEQO-UHFFFAOYSA-N,24
5115,4.6E-1,6300,L,1056,675,1056,ethanoic acid,CH3COOH,acetic acid,64-19-7,QTBSBXVTEAMEQO-UHFFFAOYSA-N,24
5168,2.3E-1,6900,L,1060,675,1060,pentanoic acid,C4H9COOH,valeric acid,109-52-4,NQPDZGIKBAWPEJ-UHFFFAOYSA-N,24
5196,1.3E-1,6100,L,1064,675,1064,hexanoic acid,C5H11COOH,caproic acid,142-62-1,FUZZWVXGSFPDMH-UHFFFAOYSA-N,24
5359,8.3,5300,L,1116,603,1116,ethanoic peroxyacid,CH3COOOH,peroxyacetic acid,79-21-0,KFSLWBXXFJQRDL-UHFFFAOYSA-N,24
5360,7.3,5600,L,1116,675,1116,ethanoic peroxyacid,CH3COOOH,peroxyacetic acid,79-21-0,KFSLWBXXFJQRDL-UHFFFAOYSA-N,24
5370,4.1E-2,4000,L,1120,603,1120,methyl methanoate,HCOOCH3,methyl formate,107-31-3,TZIHFWKZFHZASV-UHFFFAOYSA-N,25
5383,3.4E-2,4600,L,1121,603,1121,ethyl methanoate,HCOOC2H5,ethyl formate,109-94-4,WBJINCZRORDGAQ-UHFFFAOYSA-N,25
5394,2.6E-2,5100,L,1122,603,1122,propyl methanoate,HCOOC3H7,propyl formate,110-74-7,KFNNIILCVOLYIR-UHFFFAOYSA-N,25
5434,5.9E-2,5900,L,1130,603,1130,ethyl ethanoate,CH3COOC2H5,ethyl acetate,141-78-6,XEKOWRVHYACXOJ-UHFFFAOYSA-N,25
6424,1.1E-2,4800,L,1420,603,1420,oxoethanoic acid,OHCCOOH,glyoxylic acid,298-12-4,HHLFWLYXYJOTON-UHFFFAOYSA-N,29
6429,2.8E-2,4000,L,1421,603,1421,hydroxyethanoic acid,HOCH2COOH,glycolic acid,79-14-1,AEMRFAOFKBGASW-UHFFFAOYSA-N,29
6441,3.1E-3,5100,L,1424,603,1424,2-oxopropanoic acid,CH3COCOOH,pyruvic acid,127-17-3,LCTONWCANYUPML-UHFFFAOYSA-N,29
6442,3.1E-3,5100,L,1424,602,1424,2-oxopropanoic acid,CH3COCOOH,pyruvic acid,127-17-3,LCTONWCANYUPML-UHFFFAOYSA-N,29
6443,3.0E-3,5300,L,1424,675,1424,2-oxopropanoic acid,CH3COCOOH,pyruvic acid,127-17-3,LCTONWCANYUPML-UHFFFAOYSA-N,29
6705,3.5E-1,2600,L,1626,744,1626,methanamine,CH3NH2,methylamine,74-89-5,BAVYZALUXZFZLV-UHFFFAOYSA-N,30
6715,3.5E-1,3600,L,1627,744,1627,ethanamine,C2H5NH2,ethylamine,75-04-7,QUSNBJAOOMFDIB-UHFFFAOYSA-N,30
6794,3.0E-1,4000,L,1655,744,1655,dimethylamine,(CH3)2NH,,124-40-3,ROSDSFDQCJNGOL-UHFFFAOYSA-N,30
7400,1.7E-1,4400,L,1852,777,1852,hydrogen cyanide,HCN,hydrocyanic acid,74-90-8,LELOWRISYMNNSU-UHFFFAOYSA-N,32
7401,1.1E-1,5000,L,1852,216,1852,hydrogen cyanide,HCN,hydrocyanic acid,74-90-8,LELOWRISYMNNSU-UHFFFAOYSA-N,32
7408,5.2E-1,4000,L,1853,603,1853,ethane nitrile,CH3CN,acetonitrile,75-05-8,WEVYAHXRMPXWCK-UHFFFAOYSA-N,32
7409,5.2E-1,4000,L,1853,602,1853,ethane nitrile,CH3CN,acetonitrile,75-05-8,WEVYAHXRMPXWCK-UHFFFAOYSA-N,32
7410,5.0E-1,4100,L,1853,247,1853,ethane nitrile,CH3CN,acetonitrile,75-05-8,WEVYAHXRMPXWCK-UHFFFAOYSA-N,32
7411,5.1E-1,4000,L,1853,675,1853,ethane nitrile,CH3CN,acetonitrile,75-05-8,WEVYAHXRMPXWCK-UHFFFAOYSA-N,32
7412,4.7E-1,3500,L,1853,27,1853,ethane nitrile,CH3CN,acetonitrile,75-05-8,WEVYAHXRMPXWCK-UHFFFAOYSA-N,32
8012,2.0E-2,4700,L,2208,603,2208,methyl nitrate,CH3ONO2,,598-58-3,LRMHVVPPGGOAJQ-UHFFFAOYSA-N,35
8013,2.0E-2,4700,L,2208,602,2208,methyl nitrate,CH3ONO2,,598-58-3,LRMHVVPPGGOAJQ-UHFFFAOYSA-N,35
8019,1.6E-2,5400,L,2209,603,2209,ethyl nitrate,C2H5ONO2,,625-58-1,IDNUEBSJWINEMI-UHFFFAOYSA-N,35
8020,1.6E-2,5400,L,2209,602,2209,ethyl nitrate,C2H5ONO2,,625-58-1,IDNUEBSJWINEMI-UHFFFAOYSA-N,35
8024,1.1E-2,5500,L,2210,603,2210,1-propyl nitrate,C3H7ONO2,,627-13-4,JNTOKFNBDFMTIV-UHFFFAOYSA-N,35
8025,1.1E-2,5500,L,2210,602,2210,1-propyl nitrate,C3H7ONO2,,627-13-4,JNTOKFNBDFMTIV-UHFFFAOYSA-N,35
8026,9.0E-3,5600,L,2210,675,2210,1-propyl nitrate,C3H7ONO2,,627-13-4,JNTOKFNBDFMTIV-UHFFFAOYSA-N,35
8033,7.8E-3,5400,L,2211,603,2211,2-propyl nitrate,C3H7ONO2,isopropyl nitrate,1712-64-7,GAPFWGOSHOCNBM-UHFFFAOYSA-N,35
8034,7.8E-3,5400,L,2211,602,2211,2-propyl nitrate,C3H7ONO2,isopropyl nitrate,1712-64-7,GAPFWGOSHOCNBM-UHFFFAOYSA-N,35
8035,6.6E-3,5400,L,2211,675,2211,2-propyl nitrate,C3H7ONO2,isopropyl nitrate,1712-64-7,GAPFWGOSHOCNBM-UHFFFAOYSA-N,35
8042,1.0E-2,5800,L,2212,603,2212,1-butyl nitrate,C4H9ONO2,,928-45-0,QQHZPQUHCAKSOL-UHFFFAOYSA-N,35
8043,1.0E-2,5800,L,2212,602,2212,1-butyl nitrate,C4H9ONO2,,928-45-0,QQHZPQUHCAKSOL-UHFFFAOYSA-N,35
8044,8.8E-3,6000,L,2212,675,2212,1-butyl nitrate,C4H9ONO2,,928-45-0,QQHZPQUHCAKSOL-UHFFFAOYSA-N,35
8052,6.4E-3,5400,L,2213,603,2213,2-butyl nitrate,C4H9ONO2,,924-52-7,DYONNFFVDNILGI-UHFFFAOYSA-N,35
8053,6.4E-3,5400,L,2213,602,2213,2-butyl nitrate,C4H9ONO2,,924-52-7,DYONNFFVDNILGI-UHFFFAOYSA-N,35
8054,6.4E-3,6100,L,2213,675,2213,2-butyl nitrate,C4H9ONO2,,924-52-7,DYONNFFVDNILGI-UHFFFAOYSA-N,35
8069,3.7E-3,6400,L,2216,675,2216,2-pentyl nitrate,C5H11ONO2,,21981-48-6,RWRBSYOTDDOXKC-UHFFFAOYSA-N,35
8172,2.9E-2,5700,L,2261,729,2261,peroxyacetyl nitrate,CH3COOONO2,PAN,2278-22-0,VGQXTTSVLMQFHM-UHFFFAOYSA-N,35
8173,2.8E-2,5700,L,2261,603,2261,peroxyacetyl nitrate,CH3COOONO2,PAN,2278-22-0,VGQXTTSVLMQFHM-UHFFFAOYSA-N,35
8174,2.8E-2,5700,L,2261,602,2261,peroxyacetyl nitrate,CH3COOONO2,PAN,2278-22-0,VGQXTTSVLMQFHM-UHFFFAOYSA-N,35
8175,2.9E-2,5800,L,2261,440,2261,peroxyacetyl nitrate,CH3COOONO2,PAN,2278-22-0,VGQXTTSVLMQFHM-UHFFFAOYSA-N,35
8216,3.4E-1,4000,L,2277,603,2277,nitromethane,CH3NO2,,75-52-5,LYGJENNIWJXYER-UHFFFAOYSA-N,37
8217,3.4E-1,4000,L,2277,602,2277,nitromethane,CH3NO2,,75-52-5,LYGJENNIWJXYER-UHFFFAOYSA-N,37
8230,2.1E-1,4400,L,2279,603,2279,nitroethane,C2H5NO2,,79-24-3,MCSAJNNLRCFZED-UHFFFAOYSA-N,37
8231,2.1E-1,4400,L,2279,602,2279,nitroethane,C2H5NO2,,79-24-3,MCSAJNNLRCFZED-UHFFFAOYSA-N,37
8242,1.3E-1,4700,L,2280,603,2280,1-nitropropane,C3H7NO2,,108-03-2,JSZOAYXJRCEYSX-UHFFFAOYSA-N,37
8243,1.3E-1,4700,L,2280,602,2280,1-nitropropane,C3H7NO2,,108-03-2,JSZOAYXJRCEYSX-UHFFFAOYSA-N,37
8252,8.3E-2,4500,L,2281,603,2281,2-nitropropane,CH3CH(NO2)CH3,,79-46-9,FGLBSLMDCBOPQK-UHFFFAOYSA-N,37
8253,8.3E-2,4500,L,2281,602,2281,2-nitropropane,CH3CH(NO2)CH3,,79-46-9,FGLBSLMDCBOPQK-UHFFFAOYSA-N,37
8642,6.1E-4,2000,L,2384,603,2384,fluoromethane,CH3F,,593-53-3,NBVXSUQYWXRMNV-UHFFFAOYSA-N,38
8643,6.1E-4,2000,L,2384,602,2384,fluoromethane,CH3F,,593-53-3,NBVXSUQYWXRMNV-UHFFFAOYSA-N,38
8644,5.8E-4,2200,L,2384,744,2384,fluoromethane,CH3F,,593-53-3,NBVXSUQYWXRMNV-UHFFFAOYSA-N,38
8663,1.3E-4,3300,L,2386,603,2386,trifluoromethane,CHF3,R23,75-46-7,XPDWGBQVDMORPB-UHFFFAOYSA-N,38
8664,1.3E-4,3200,L,2386,744,2386,trifluoromethane,CHF3,R23,75-46-7,XPDWGBQVDMORPB-UHFFFAOYSA-N,38
8676,2.1E-6,2300,L,2387,729,2387,tetrafluoromethane,CF4,carbontetrafluoride,75-73-0,TXEYQDLBPFQVAA-UHFFFAOYSA-N,38
8677,2.1E-6,1800,L,2387,603,2387,tetrafluoromethane,CF4,carbontetrafluoride,75-73-0,TXEYQDLBPFQVAA-UHFFFAOYSA-N,38
8678,2.1E-6,1800,L,2387,744,2387,tetrafluoromethane,CF4,carbontetrafluoride,75-73-0,TXEYQDLBPFQVAA-UHFFFAOYSA-N,38
8757,1.3E-6,3100,L,2399,167,2399,octafluorocyclobutane,C4F8,,115-25-3,BCCOBQSFUDVTJQ-UHFFFAOYSA-N,38
8790,1.6E-5,2100,L,2416,744,2416,tetrafluoroethene,C2F4,,116-14-3,BFKJFAAPBSQJPD-UHFFFAOYSA-N,38
8797,2.9E-6,2400,L,2417,744,2417,hexafluoropropene,C3F6,,116-15-4,HCDGVLDPFQMKDK-UHFFFAOYSA-N,38
8853,4.7E-1,6200,L,2436,603,2436,"2,2,2-trifluoroethanol",CF3CH2OH,,75-89-8,RHQDFWAXVIIEBN-UHFFFAOYSA-N,38
8870,1.4,7000,L,2438,603,2438,"2,2,3,3-tetrafluoro-1-propanol",CHF2CF2CH2OH,,76-37-9,NBUKAOOFKZFCGD-UHFFFAOYSA-N,38
8877,1.4E-1,4300,L,2439,603,2439,"2,2,3,3,3-pentafluoro-1-propanol",CF3CF2CH2OH,,422-05-9,PSQZJKGXDGNDFP-UHFFFAOYSA-N,38
8892,1.4,8900,L,2442,603,2442,"1,1,1-trifluoro-2-propanone",CF3COCH3,,421-50-1,FHUDAMLDXFJHJE-UHFFFAOYSA-N,38
8897,3.0E-2,6900,L,2444,603,2444,difluoroethanoic acid,CHF2COOH,difluoroacetic acid,381-73-7,PBWZKZYHONABLN-UHFFFAOYSA-N,38
8902,8.9E-1,9300,L,2445,603,2445,trifluoroethanoic acid,CF3COOH,trifluoroacetic acid,76-05-1,DTQVDTLACAAQTR-UHFFFAOYSA-N,38
8941,5.4E-4,4000,L,2455,247,2455,"(2,2,2-trifluoroethoxy)-ethene",CF3CH2OCHCH2,fluoroxene,406-90-6,DLEGDLSLRSOURQ-UHFFFAOYSA-N,38
8948,5.4E-3,4700,L,2456,603,2456,"2,2,2-trifluoroethyl methanoate",C3H3F3O2,,32042-38-9,CAFROQYMUICGNO-UHFFFAOYSA-N,38
8950,5.5E-3,5200,L,2457,603,2457,"2,2,2-trifluoroethyl ethanoate",C4H5F3O2,,406-95-1,ZOWSJJBOQDKOHI-UHFFFAOYSA-N,38
8954,1.1E-3,5300,L,2458,603,2458,"trifluoroethanoic acid, methyl ester",CF3COOCH3,methyl trifluoroacetate,431-47-0,VMVNZNXAVJHNDJ-UHFFFAOYSA-N,38
8958,8.9E-4,4900,L,2459,603,2459,"trifluoroethanoic acid, ethyl ester",CF3COOC2H5,ethyl trifluoroacetate,383-63-1,STSCVKRWJPWALQ-UHFFFAOYSA-N,38
9198,1.3E-3,3300,L,2544,603,2544,chloromethane,CH3Cl,methyl chloride,74-87-3,NEHMKBQYUWJMIP-UHFFFAOYSA-N,39
9199,1.1E-3,3300,L,2544,728,2544,chloromethane,CH3Cl,methyl chloride,74-87-3,NEHMKBQYUWJMIP-UHFFFAOYSA-N,39
9200,1.3E-3,3300,L,2544,602,2544,chloromethane,CH3Cl,methyl chloride,74-87-3,NEHMKBQYUWJMIP-UHFFFAOYSA-N,39
9201,1.1E-3,3300,L,2544,675,2544,chloromethane,CH3Cl,methyl chloride,74-87-3,NEHMKBQYUWJMIP-UHFFFAOYSA-N,39
9203,1.0E-3,2800,L,2544,744,2544,chloromethane,CH3Cl,methyl chloride,74-87-3,NEHMKBQYUWJMIP-UHFFFAOYSA-N,39
9232,3.6E-3,4100,L,2545,603,2545,dichloromethane,CH2Cl2,methylene chloride,75-09-2,YMWUJEATGCHHMB-UHFFFAOYSA-N,39
9233,3.9E-3,3700,L,2545,728,2545,dichloromethane,CH2Cl2,methylene chloride,75-09-2,YMWUJEATGCHHMB-UHFFFAOYSA-N,39
9234,3.6E-3,4100,L,2545,602,2545,dichloromethane,CH2Cl2,methylene chloride,75-09-2,YMWUJEATGCHHMB-UHFFFAOYSA-N,39
9235,3.6E-3,4100,L,2545,675,2545,dichloromethane,CH2Cl2,methylene chloride,75-09-2,YMWUJEATGCHHMB-UHFFFAOYSA-N,39
9236,3.6E-3,4100,L,2545,674,2545,dichloromethane,CH2Cl2,methylene chloride,75-09-2,YMWUJEATGCHHMB-UHFFFAOYSA-N,39
9292,2.5E-3,4500,L,2547,603,2547,trichloromethane,CHCl3,chloroform,67-66-3,HEDRZPFGACZZDS-UHFFFAOYSA-N,39
9293,2.6E-3,4300,L,2547,728,2547,trichloromethane,CHCl3,chloroform,67-66-3,HEDRZPFGACZZDS-UHFFFAOYSA-N,39
9294,2.5E-3,4500,L,2547,602,2547,trichloromethane,CHCl3,chloroform,67-66-3,HEDRZPFGACZZDS-UHFFFAOYSA-N,39
9295,2.5E-3,4500,L,2547,675,2547,trichloromethane,CHCl3,chloroform,67-66-3,HEDRZPFGACZZDS-UHFFFAOYSA-N,39
9296,2.5E-3,4500,L,2547,674,2547,trichloromethane,CHCl3,chloroform,67-66-3,HEDRZPFGACZZDS-UHFFFAOYSA-N,39
9369,3.4E-4,4200,L,2548,603,2548,tetrachloromethane,CCl4,carbontetrachloride,56-23-5,VZGDMQKNWNREIO-UHFFFAOYSA-N,39
9370,3.6E-4,4300,L,2548,728,2548,tetrachloromethane,CCl4,carbontetrachloride,56-23-5,VZGDMQKNWNREIO-UHFFFAOYSA-N,39
9371,3.4E-4,4200,L,2548,602,2548,tetrachloromethane,CCl4,carbontetrachloride,56-23-5,VZGDMQKNWNREIO-UHFFFAOYSA-N,39
9372,3.4E-4,4200,L,2548,675,2548,tetrachloromethane,CCl4,carbontetrachloride,56-23-5,VZGDMQKNWNREIO-UHFFFAOYSA-N,39
9373,3.4E-4,4200,L,2548,674,2548,tetrachloromethane,CCl4,carbontetrachloride,56-23-5,VZGDMQKNWNREIO-UHFFFAOYSA-N,39
9432,8.3E-4,2800,L,2549,728,2549,chloroethane,C2H5Cl,,75-00-3,HRYZWHHZPQKTII-UHFFFAOYSA-N,39
9433,8.4E-4,2900,L,2549,675,2549,chloroethane,C2H5Cl,,75-00-3,HRYZWHHZPQKTII-UHFFFAOYSA-N,39
9434,8.3E-4,2900,L,2549,674,2549,chloroethane,C2H5Cl,,75-00-3,HRYZWHHZPQKTII-UHFFFAOYSA-N,39
9460,1.7E-3,4100,L,2550,728,2550,"1,1-dichloroethane",CHCl2CH3,,75-34-3,SCYULBFZEHDVBN-UHFFFAOYSA-N,39
9461,1.8E-3,4100,L,2550,247,2550,"1,1-dichloroethane",CHCl2CH3,,75-34-3,SCYULBFZEHDVBN-UHFFFAOYSA-N,39
9462,1.6E-3,3700,L,2550,675,2550,"1,1-dichloroethane",CHCl2CH3,,75-34-3,SCYULBFZEHDVBN-UHFFFAOYSA-N,39
9463,1.5E-3,3600,L,2550,674,2550,"1,1-dichloroethane",CHCl2CH3,,75-34-3,SCYULBFZEHDVBN-UHFFFAOYSA-N,39
9498,8.9E-3,4300,L,2551,728,2551,"1,2-dichloroethane",CH2ClCH2Cl,,107-06-2,WSLDOOZREJYCGB-UHFFFAOYSA-N,39
9499,9.1E-3,4300,L,2551,247,2551,"1,2-dichloroethane",CH2ClCH2Cl,,107-06-2,WSLDOOZREJYCGB-UHFFFAOYSA-N,39
9500,7.8E-3,4200,L,2551,675,2551,"1,2-dichloroethane",CH2ClCH2Cl,,107-06-2,WSLDOOZREJYCGB-UHFFFAOYSA-N,39
9501,7.1E-3,4200,L,2551,674,2551,"1,2-dichloroethane",CH2ClCH2Cl,,107-06-2,WSLDOOZREJYCGB-UHFFFAOYSA-N,39
9550,6.0E-4,3700,L,2553,728,2553,"1,1,1-trichloroethane",CH3CCl3,methylchloroform; MCF,71-55-6,UOCLXMDMGBRAIB-UHFFFAOYSA-N,39
9551,6.2E-4,3900,L,2553,247,2553,"1,1,1-trichloroethane",CH3CCl3,methylchloroform; MCF,71-55-6,UOCLXMDMGBRAIB-UHFFFAOYSA-N,39
9552,5.9E-4,4000,L,2553,675,2553,"1,1,1-trichloroethane",CH3CCl3,methylchloroform; MCF,71-55-6,UOCLXMDMGBRAIB-UHFFFAOYSA-N,39
9553,5.8E-4,3900,L,2553,674,2553,"1,1,1-trichloroethane",CH3CCl3,methylchloroform; MCF,71-55-6,UOCLXMDMGBRAIB-UHFFFAOYSA-N,39
9606,1.1E-2,4100,L,2554,728,2554,"1,1,2-trichloroethane",CHCl2CH2Cl,,79-00-5,UBOXGVDOUJQMTN-UHFFFAOYSA-N,39
9607,1.2E-2,4200,L,2554,247,2554,"1,1,2-trichloroethane",CHCl2CH2Cl,,79-00-5,UBOXGVDOUJQMTN-UHFFFAOYSA-N,39
9608,1.1E-2,4900,L,2554,675,2554,"1,1,2-trichloroethane",CHCl2CH2Cl,,79-00-5,UBOXGVDOUJQMTN-UHFFFAOYSA-N,39
9609,1.1E-2,4900,L,2554,674,2554,"1,1,2-trichloroethane",CHCl2CH2Cl,,79-00-5,UBOXGVDOUJQMTN-UHFFFAOYSA-N,39
9640,4.2E-3,4600,L,2556,728,2556,"1,1,1,2-tetrachloroethane",CCl3CH2Cl,,630-20-6,QVLAWKAXOMEXPM-UHFFFAOYSA-N,39
9641,2.4E-2,3200,L,2556,675,2556,"1,1,1,2-tetrachloroethane",CCl3CH2Cl,,630-20-6,QVLAWKAXOMEXPM-UHFFFAOYSA-N,39
9657,2.4E-2,4800,L,2557,728,2557,"1,1,2,2-tetrachloroethane",CHCl2CHCl2,,79-34-5,QPFMBZIOSGYJDE-UHFFFAOYSA-N,39
9658,2.4E-2,3200,L,2557,674,2557,"1,1,2,2-tetrachloroethane",CHCl2CHCl2,,79-34-5,QPFMBZIOSGYJDE-UHFFFAOYSA-N,39
9698,2.5E-3,5600,L,2559,674,2559,hexachloroethane,C2Cl6,,67-72-1,VHHHONWQHHHLTI-UHFFFAOYSA-N,39
9747,3.4E-3,4300,L,2563,675,2563,"1,2-dichloropropane",C3H6Cl2,,78-87-5,KNKRKFALVUDBJE-UHFFFAOYSA-N,39
9748,3.4E-3,4300,L,2563,674,2563,"1,2-dichloropropane",C3H6Cl2,,78-87-5,KNKRKFALVUDBJE-UHFFFAOYSA-N,39
9800,3.6E-2,3700,L,2569,675,2569,"1,2,3-trichloropropane",C3H5Cl3,,96-18-4,CFXQEHVMCRXUSD-UHFFFAOYSA-N,39
9801,3.4E-2,3700,L,2569,674,2569,"1,2,3-trichloropropane",C3H5Cl3,,96-18-4,CFXQEHVMCRXUSD-UHFFFAOYSA-N,39
10064,3.8E-4,3100,L,2623,728,2623,chloroethene,CH2CHCl,vinyl chloride,75-01-4,BZHJMEDXRYGGRV-UHFFFAOYSA-N,39
10065,3.9E-4,3100,L,2623,675,2623,chloroethene,CH2CHCl,vinyl chloride,75-01-4,BZHJMEDXRYGGRV-UHFFFAOYSA-N,39
10066,3.9E-4,3100,L,2623,674,2623,chloroethene,CH2CHCl,vinyl chloride,75-01-4,BZHJMEDXRYGGRV-UHFFFAOYSA-N,39
10067,4.5E-4,3000,L,2623,744,2623,chloroethene,CH2CHCl,vinyl chloride,75-01-4,BZHJMEDXRYGGRV-UHFFFAOYSA-N,39
10090,3.7E-4,3400,L,2625,728,2625,"1,1-dichloroethene",CH2CCl2,,75-35-4,LGXVIGDEPROXKC-UHFFFAOYSA-N,39
10091,4.0E-4,3800,L,2625,247,2625,"1,1-dichloroethene",CH2CCl2,,75-35-4,LGXVIGDEPROXKC-UHFFFAOYSA-N,39
10092,3.4E-4,4000,L,2625,675,2625,"1,1-dichloroethene",CH2CCl2,,75-35-4,LGXVIGDEPROXKC-UHFFFAOYSA-N,39
10093,3.4E-4,3900,L,2625,674,2625,"1,1-dichloroethene",CH2CCl2,,75-35-4,LGXVIGDEPROXKC-UHFFFAOYSA-N,39
10126,2.6E-3,3700,L,2627,728,2627,"(Z)-1,2-dichloroethene",CHClCHCl,"<i>cis</i>-1,2-dichloroethene",156-59-2,KFUSEUYYWQURPO-UPHRSURJSA-N,39
10127,2.5E-3,4000,L,2627,247,2627,"(Z)-1,2-dichloroethene",CHClCHCl,"<i>cis</i>-1,2-dichloroethene",156-59-2,KFUSEUYYWQURPO-UPHRSURJSA-N,39
10128,2.3E-3,3900,L,2627,675,2627,"(Z)-1,2-dichloroethene",CHClCHCl,"<i>cis</i>-1,2-dichloroethene",156-59-2,KFUSEUYYWQURPO-UPHRSURJSA-N,39
10129,2.3E-3,3900,L,2627,674,2627,"(Z)-1,2-dichloroethene",CHClCHCl,"<i>cis</i>-1,2-dichloroethene",156-59-2,KFUSEUYYWQURPO-UPHRSURJSA-N,39
10157,1.0E-3,3500,L,2628,728,2628,"(E)-1,2-dichloroethene",CHClCHCl,"<i>trans</i>-1,2-dichloroethene",156-60-5,KFUSEUYYWQURPO-OWOJBTEDSA-N,39
10158,1.1E-3,4200,L,2628,247,2628,"(E)-1,2-dichloroethene",CHClCHCl,"<i>trans</i>-1,2-dichloroethene",156-60-5,KFUSEUYYWQURPO-OWOJBTEDSA-N,39
10159,9.0E-4,4100,L,2628,675,2628,"(E)-1,2-dichloroethene",CHClCHCl,"<i>trans</i>-1,2-dichloroethene",156-60-5,KFUSEUYYWQURPO-OWOJBTEDSA-N,39
10160,9.0E-4,4100,L,2628,674,2628,"(E)-1,2-dichloroethene",CHClCHCl,"<i>trans</i>-1,2-dichloroethene",156-60-5,KFUSEUYYWQURPO-OWOJBTEDSA-N,39
10196,1.1E-3,4300,L,2629,728,2629,trichloroethene,C2HCl3,trichloroethylene,79-01-6,XSTXAVWGXDQKEL-UHFFFAOYSA-N,39
10197,1.0E-3,4300,L,2629,247,2629,trichloroethene,C2HCl3,trichloroethylene,79-01-6,XSTXAVWGXDQKEL-UHFFFAOYSA-N,39
10198,1.0E-3,4600,L,2629,675,2629,trichloroethene,C2HCl3,trichloroethylene,79-01-6,XSTXAVWGXDQKEL-UHFFFAOYSA-N,39
10199,9.9E-4,4600,L,2629,674,2629,trichloroethene,C2HCl3,trichloroethylene,79-01-6,XSTXAVWGXDQKEL-UHFFFAOYSA-N,39
10272,6.2E-4,4500,L,2630,728,2630,tetrachloroethene,C2Cl4,tetrachloroethylene,127-18-4,CYTYCFOTNPOANT-UHFFFAOYSA-N,39
10273,6.0E-4,4200,L,2630,247,2630,tetrachloroethene,C2Cl4,tetrachloroethylene,127-18-4,CYTYCFOTNPOANT-UHFFFAOYSA-N,39
10274,5.9E-4,4800,L,2630,675,2630,tetrachloroethene,C2Cl4,tetrachloroethylene,127-18-4,CYTYCFOTNPOANT-UHFFFAOYSA-N,39
10275,5.8E-4,4800,L,2630,674,2630,tetrachloroethene,C2Cl4,tetrachloroethylene,127-18-4,CYTYCFOTNPOANT-UHFFFAOYSA-N,39
10399,8.3E-4,3100,L,2653,247,2653,hexachlorobutadiene,CCl2CClCClCCl2,,87-68-3,RWNKSTSCBHKHTB-UHFFFAOYSA-N,39
10466,2.7E-3,3800,L,2660,675,2660,chlorobenzene,C6H5Cl,,108-90-7,MVPPADPHJFYWMZ-UHFFFAOYSA-N,39
10467,2.7E-3,3800,L,2660,674,2660,chlorobenzene,C6H5Cl,,108-90-7,MVPPADPHJFYWMZ-UHFFFAOYSA-N,39
10528,6.8E-3,5300,L,2662,247,2662,"1,2-dichlorobenzene",C6H4Cl2,o-dichlorobenzene,95-50-1,RFFLAFLAYFXFSW-UHFFFAOYSA-N,39
10529,5.4E-3,5900,L,2662,675,2662,"1,2-dichlorobenzene",C6H4Cl2,o-dichlorobenzene,95-50-1,RFFLAFLAYFXFSW-UHFFFAOYSA-N,39
10530,5.4E-3,5900,L,2662,674,2662,"1,2-dichlorobenzene",C6H4Cl2,o-dichlorobenzene,95-50-1,RFFLAFLAYFXFSW-UHFFFAOYSA-N,39
10570,3.4E-3,4300,L,2664,247,2664,"1,3-dichlorobenzene",C6H4Cl2,m-dichlorobenzene,541-73-1,ZPQOPVIELGIULI-UHFFFAOYSA-N,39
10600,4.5E-3,4400,L,2665,247,2665,"1,4-dichlorobenzene",C6H4Cl2,p-dichlorobenzene,106-46-7,OCJBOOLMMGQPQU-UHFFFAOYSA-N,39
10774,1.4E-2,5200,L,2674,644,2674,pentachlorobenzene,C6HCl5,,608-93-5,CEOCDNVZRAIOQZ-UHFFFAOYSA-N,39
10775,1.4E-2,5600,L,2674,644,2674,pentachlorobenzene,C6HCl5,,608-93-5,CEOCDNVZRAIOQZ-UHFFFAOYSA-N,39
10797,1.9E-2,6000,L,2675,644,2675,hexachlorobenzene,C6Cl6,,118-74-1,CKAPSXZOOQJIBF-UHFFFAOYSA-N,39
10798,1.5E-2,6400,L,2675,644,2675,hexachlorobenzene,C6Cl6,,118-74-1,CKAPSXZOOQJIBF-UHFFFAOYSA-N,39
11088,2.8E-2,5700,L,2722,447,2722,4-chlorobiphenyl,C12H9Cl,PCB-3,2051-62-9,FPWNLURCHDRMHC-UHFFFAOYSA-N,40
11089,4.2E-2,6100,L,2722,447,2722,4-chlorobiphenyl,C12H9Cl,PCB-3,2051-62-9,FPWNLURCHDRMHC-UHFFFAOYSA-N,40
11154,3.8E-2,6000,L,2727,447,2727,"2,4'-dichlorobiphenyl",C12H8Cl2,PCB-8,34883-43-7,UFNIBRDIUNVOMX-UHFFFAOYSA-N,40
11155,4.4E-2,6300,L,2727,447,2727,"2,4'-dichlorobiphenyl",C12H8Cl2,PCB-8,34883-43-7,UFNIBRDIUNVOMX-UHFFFAOYSA-N,40
11228,7.0E-2,6000,L,2734,447,2734,"4,4'-dichlorobiphenyl",C12H8Cl2,PCB-15,2050-68-2,YTBRNEUEFCNVHC-UHFFFAOYSA-N,40
11229,7.5E-2,6700,L,2734,447,2734,"4,4'-dichlorobiphenyl",C12H8Cl2,PCB-15,2050-68-2,YTBRNEUEFCNVHC-UHFFFAOYSA-N,40
11371,3.0E-2,6300,L,2747,447,2747,"2,4,4'-trichlorobiphenyl",C12H7Cl3,PCB-28,7012-37-5,BZTYNSQSZHARAZ-UHFFFAOYSA-N,40
11372,3.3E-2,6600,L,2747,447,2747,"2,4,4'-trichlorobiphenyl",C12H7Cl3,PCB-28,7012-37-5,BZTYNSQSZHARAZ-UHFFFAOYSA-N,40
11390,3.1E-2,6300,L,2748,447,2748,"2,4,5-trichlorobiphenyl",C12H7Cl3,PCB-29,15862-07-4,VGVIKVCCUATMNG-UHFFFAOYSA-N,40
11391,3.3E-2,6700,L,2748,447,2748,"2,4,5-trichlorobiphenyl",C12H7Cl3,PCB-29,15862-07-4,VGVIKVCCUATMNG-UHFFFAOYSA-N,40
11417,2.7E-2,6100,L,2750,447,2750,"2,4',5-trichlorobiphenyl",C12H7Cl3,PCB-31,16606-02-3,VAHKBZSAUKPEOV-UHFFFAOYSA-N,40
11418,2.9E-2,6600,L,2750,447,2750,"2,4',5-trichlorobiphenyl",C12H7Cl3,PCB-31,16606-02-3,VAHKBZSAUKPEOV-UHFFFAOYSA-N,40
11612,3.5E-2,6600,L,2771,447,2771,"2,2',5,5'-tetrachlorobiphenyl",C12H6Cl4,PCB-52,35693-99-3,HCWZEPKLWVAEOV-UHFFFAOYSA-N,40
11613,4.0E-2,6800,L,2771,447,2771,"2,2',5,5'-tetrachlorobiphenyl",C12H6Cl4,PCB-52,35693-99-3,HCWZEPKLWVAEOV-UHFFFAOYSA-N,40
11697,4.9E-2,6600,L,2780,447,2780,"2,3,4,5-tetrachlorobiphenyl",C12H6Cl4,PCB-61,33284-53-6,HLQDGCWIOSOMDP-UHFFFAOYSA-N,40
11698,5.0E-2,7200,L,2780,447,2780,"2,3,4,5-tetrachlorobiphenyl",C12H6Cl4,PCB-61,33284-53-6,HLQDGCWIOSOMDP-UHFFFAOYSA-N,40
12021,3.2E-2,6800,L,2820,447,2820,"2,2',4,5,5'-pentachlorobiphenyl",C12H5Cl5,PCB-101,37680-73-2,LAHWLEDBADHJGA-UHFFFAOYSA-N,40
12022,4.1E-2,7500,L,2820,447,2820,"2,2',4,5,5'-pentachlorobiphenyl",C12H5Cl5,PCB-101,37680-73-2,LAHWLEDBADHJGA-UHFFFAOYSA-N,40
12068,3.0E-2,6800,L,2824,447,2824,"2,3,3',4,4'-pentachlorobiphenyl",C12H5Cl5,PCB-105,32598-14-4,WIDHRBRBACOVOY-UHFFFAOYSA-N,40
12069,7.2E-2,7500,L,2824,447,2824,"2,3,3',4,4'-pentachlorobiphenyl",C12H5Cl5,PCB-105,32598-14-4,WIDHRBRBACOVOY-UHFFFAOYSA-N,40
12159,3.1E-2,6800,L,2837,447,2837,"2,3',4,4',5-pentachlorobiphenyl",C12H5Cl5,PCB-118,31508-00-6,IUTPYMGCWINGEY-UHFFFAOYSA-N,40
12160,6.9E-2,7600,L,2837,447,2837,"2,3',4,4',5-pentachlorobiphenyl",C12H5Cl5,PCB-118,31508-00-6,IUTPYMGCWINGEY-UHFFFAOYSA-N,40
12334,2.5E-2,7100,L,2857,447,2857,"2,2',3,4,4',5'-hexachlorobiphenyl",C12H4Cl6,PCB-138,35065-28-2,RPUMZMSNLZHIGZ-UHFFFAOYSA-N,40
12335,3.3E-2,7700,L,2857,447,2857,"2,2',3,4,4',5'-hexachlorobiphenyl",C12H4Cl6,PCB-138,35065-28-2,RPUMZMSNLZHIGZ-UHFFFAOYSA-N,40
12454,4.0E-2,7100,L,2872,447,2872,"2,2',4,4',5,5'-hexachlorobiphenyl",C12H4Cl6,PCB-153,35065-27-1,MVWHGTYKUMDIHL-UHFFFAOYSA-N,40
12455,5.1E-2,7900,L,2872,447,2872,"2,2',4,4',5,5'-hexachlorobiphenyl",C12H4Cl6,PCB-153,35065-27-1,MVWHGTYKUMDIHL-UHFFFAOYSA-N,40
12481,1.3E-2,7100,L,2874,447,2874,"2,2',4,4',6,6'-hexachlorobiphenyl",C12H4Cl6,PCB-155,33979-03-2,ICOAEPDGFWLUTI-UHFFFAOYSA-N,40
12482,1.1E-2,7600,L,2874,447,2874,"2,2',4,4',6,6'-hexachlorobiphenyl",C12H4Cl6,PCB-155,33979-03-2,ICOAEPDGFWLUTI-UHFFFAOYSA-N,40
12680,1.7E-1,7300,L,2899,447,2899,"2,2',3,4,4',5,5'-heptachlorobiphenyl",C12H3Cl7,PCB-180,35065-29-3,WBHQEUPUMONIKF-UHFFFAOYSA-N,40
12681,1.2E-1,7900,L,2899,447,2899,"2,2',3,4,4',5,5'-heptachlorobiphenyl",C12H3Cl7,PCB-180,35065-29-3,WBHQEUPUMONIKF-UHFFFAOYSA-N,40
12767,1.5E-1,7500,L,2913,447,2913,"2,2',3,3',4,4',5,5'-octachlorobiphenyl",C12H2Cl8,PCB-194,35694-08-7,DTMRKGRREZAYAP-UHFFFAOYSA-N,40
12768,2.3E-1,8200,L,2913,447,2913,"2,2',3,3',4,4',5,5'-octachlorobiphenyl",C12H2Cl8,PCB-194,35694-08-7,DTMRKGRREZAYAP-UHFFFAOYSA-N,40
12907,5.8E-1,5400,L,2947,603,2947,chloro-2-propanone,CH2ClCOCH3,chloroacetone,78-95-5,BULLHNJGPPOUOX-UHFFFAOYSA-N,41
12912,1.1E-3,9700,L,2948,603,2948,chloroethanoic acid,CH2ClCOOH,chloroacetic acid,79-11-8,FOCAUTSVDIKZOP-UHFFFAOYSA-N,41
12917,1.2E-3,8000,L,2949,603,2949,dichloroethanoic acid,CHCl2COOH,dichloroacetic acid,79-43-6,JXTHNDFMNIQAHM-UHFFFAOYSA-N,41
12922,7.3E-2,8700,L,2950,603,2950,trichloroethanoic acid,CCl3COOH,trichloroacetic acid,76-03-9,YNJBWRMUSHSURL-UHFFFAOYSA-N,41
14482,6.2E-2,15000,L,3588,247,3588,metolachlor,C15H22ClNO2,,51218-45-2,WVQBLGZPHOPPFO-UHFFFAOYSA-N,45
14630,1.5E-3,2600,L,3667,744,3667,chlorofluoromethane,CH2FCl,R31,593-70-4,XWCDCDSDNJVCLO-UHFFFAOYSA-N,46
14640,3.4E-4,3400,L,3668,603,3668,chlorodifluoromethane,CHF2Cl,R22,75-45-6,VOPWNXZWBYDODV-UHFFFAOYSA-N,46
14641,3.4E-4,3400,L,3668,744,3668,chlorodifluoromethane,CHF2Cl,R22,75-45-6,VOPWNXZWBYDODV-UHFFFAOYSA-N,46
14666,9.9E-6,1700,L,3670,603,3670,chlorotrifluoromethane,CF3Cl,R13,75-72-9,AFYPFACVUDMOHA-UHFFFAOYSA-N,46
14667,9.3E-6,1600,L,3670,744,3670,chlorotrifluoromethane,CF3Cl,R13,75-72-9,AFYPFACVUDMOHA-UHFFFAOYSA-N,46
14682,3.0E-5,3400,L,3671,729,3671,dichlorodifluoromethane,CF2Cl2,R12,75-71-8,PXBRQCKWGAHEHS-UHFFFAOYSA-N,46
14683,3.0E-5,3500,L,3671,603,3671,dichlorodifluoromethane,CF2Cl2,R12,75-71-8,PXBRQCKWGAHEHS-UHFFFAOYSA-N,46
14684,3.0E-5,3500,L,3671,602,3671,dichlorodifluoromethane,CF2Cl2,R12,75-71-8,PXBRQCKWGAHEHS-UHFFFAOYSA-N,46
14685,3.1E-5,3500,L,3671,675,3671,dichlorodifluoromethane,CF2Cl2,R12,75-71-8,PXBRQCKWGAHEHS-UHFFFAOYSA-N,46
14686,2.1E-5,1800,L,3671,744,3671,dichlorodifluoromethane,CF2Cl2,R12,75-71-8,PXBRQCKWGAHEHS-UHFFFAOYSA-N,46
14710,1.1E-4,3400,L,3672,729,3672,trichlorofluoromethane,CFCl3,R11,75-69-4,CYRMSUTZVYGINF-UHFFFAOYSA-N,46
14711,1.1E-4,3300,L,3672,603,3672,trichlorofluoromethane,CFCl3,R11,75-69-4,CYRMSUTZVYGINF-UHFFFAOYSA-N,46
14712,1.1E-4,3300,L,3672,602,3672,trichlorofluoromethane,CFCl3,R11,75-69-4,CYRMSUTZVYGINF-UHFFFAOYSA-N,46
14713,1.1E-4,3300,L,3672,675,3672,trichlorofluoromethane,CFCl3,R11,75-69-4,CYRMSUTZVYGINF-UHFFFAOYSA-N,46
14714,1.0E-4,3100,L,3672,674,3672,trichlorofluoromethane,CFCl3,R11,75-69-4,CYRMSUTZVYGINF-UHFFFAOYSA-N,46
14787,3.4E-6,2800,L,3679,744,3679,chloropentafluoroethane,C2F5Cl,R115,76-15-3,RFCAUADVODFSLZ-UHFFFAOYSA-N,46
14871,2.5E-2,10000,L,3700,603,3700,chlorodifluoroethanoic acid,CF2ClCOOH,chlorodifluoroacetic acid,76-04-0,OAWAZQITIZDJRB-UHFFFAOYSA-N,46
14877,2.9E-3,4100,L,3703,247,3703,"2,2-dichloro-1,1-difluoro-1-methoxyethane",C3H4Cl2F2O,methoxyflurane,76-38-0,RFKMCNOHBTXSMU-UHFFFAOYSA-N,46
14977,1.7E-3,3100,L,3753,603,3753,bromomethane,CH3Br,methyl bromide,74-83-9,GZUXJHMPEANEGY-UHFFFAOYSA-N,47
14978,1.7E-3,3100,L,3753,602,3753,bromomethane,CH3Br,methyl bromide,74-83-9,GZUXJHMPEANEGY-UHFFFAOYSA-N,47
14979,1.7E-3,3100,L,3753,675,3753,bromomethane,CH3Br,methyl bromide,74-83-9,GZUXJHMPEANEGY-UHFFFAOYSA-N,47
14980,1.6E-3,3100,L,3753,744,3753,bromomethane,CH3Br,methyl bromide,74-83-9,GZUXJHMPEANEGY-UHFFFAOYSA-N,47
15021,1.7E-2,5200,L,3755,603,3755,tribromomethane,CHBr3,bromoform,75-25-2,DIKBFYAXUHHXCS-UHFFFAOYSA-N,47
15022,1.7E-2,5200,L,3755,602,3755,tribromomethane,CHBr3,bromoform,75-25-2,DIKBFYAXUHHXCS-UHFFFAOYSA-N,47
15023,1.7E-2,5200,L,3755,675,3755,tribromomethane,CHBr3,bromoform,75-25-2,DIKBFYAXUHHXCS-UHFFFAOYSA-N,47
15024,1.7E-2,5200,L,3755,674,3755,tribromomethane,CHBr3,bromoform,75-25-2,DIKBFYAXUHHXCS-UHFFFAOYSA-N,47
15209,5.0E-3,4200,L,3789,247,3789,bromobenzene,C6H5Br,,108-86-1,QARVLSVVCXYDNA-UHFFFAOYSA-N,47
15337,1.5E-3,9300,L,3832,603,3832,bromoethanoic acid,CH2BrCOOH,bromoacetic acid,79-08-3,KDPAWGWELVVRCH-UHFFFAOYSA-N,47
15341,2.3E-3,8900,L,3833,603,3833,dibromoethanoic acid,CHBr2COOH,dibromoacetic acid,631-64-1,SIEILFNCEFEENQ-UHFFFAOYSA-N,47
15345,3.0E-3,9000,L,3834,603,3834,tribromoethanoic acid,CBr3COOH,tribromoacetic acid,75-96-7,QIONYIKHPASLHO-UHFFFAOYSA-N,47
15670,4.0E-3,5200,L,3943,603,3943,bromodichloromethane,CHCl2Br,,75-27-4,FMWLUWPQPKEARP-UHFFFAOYSA-N,49
15671,4.0E-3,5200,L,3943,602,3943,bromodichloromethane,CHCl2Br,,75-27-4,FMWLUWPQPKEARP-UHFFFAOYSA-N,49
15672,4.8E-3,3700,L,3943,247,3943,bromodichloromethane,CHCl2Br,,75-27-4,FMWLUWPQPKEARP-UHFFFAOYSA-N,49
15673,4.0E-3,5200,L,3943,675,3943,bromodichloromethane,CHCl2Br,,75-27-4,FMWLUWPQPKEARP-UHFFFAOYSA-N,49
15674,4.0E-3,5200,L,3943,674,3943,bromodichloromethane,CHCl2Br,,75-27-4,FMWLUWPQPKEARP-UHFFFAOYSA-N,49
15696,8.6E-3,5500,L,3945,603,3945,dibromochloromethane,CHClBr2,,124-48-1,GATVIKZLVQHOMN-UHFFFAOYSA-N,49
15697,8.6E-3,5500,L,3945,602,3945,dibromochloromethane,CHClBr2,,124-48-1,GATVIKZLVQHOMN-UHFFFAOYSA-N,49
15698,8.7E-3,4400,L,3945,247,3945,dibromochloromethane,CHClBr2,,124-48-1,GATVIKZLVQHOMN-UHFFFAOYSA-N,49
15699,8.6E-3,5500,L,3945,675,3945,dibromochloromethane,CHClBr2,,124-48-1,GATVIKZLVQHOMN-UHFFFAOYSA-N,49
15700,8.5E-3,5500,L,3945,674,3945,dibromochloromethane,CHClBr2,,124-48-1,GATVIKZLVQHOMN-UHFFFAOYSA-N,49
15809,5.6E-4,4700,L,3996,247,3996,"1-bromo-1-chloro-2,2,2-trifluoroethane",C2HBrClF3,halothane,151-67-7,BCQZXOMGPXTTIC-UHFFFAOYSA-N,49
15822,2.0E-3,3600,L,3999,603,3999,iodomethane,CH3I,methyl iodide,74-88-4,INQOMBQAUSQDDS-UHFFFAOYSA-N,50
15823,2.0E-3,3600,L,3999,602,3999,iodomethane,CH3I,methyl iodide,74-88-4,INQOMBQAUSQDDS-UHFFFAOYSA-N,50
15824,2.0E-3,3600,L,3999,675,3999,iodomethane,CH3I,methyl iodide,74-88-4,INQOMBQAUSQDDS-UHFFFAOYSA-N,50
15858,1.5E-3,4200,L,4002,247,4002,iodoethane,C2H5I,,75-03-6,HVTICUPFWKNHNG-UHFFFAOYSA-N,50
15966,3.8E-3,3400,L,4031,603,4031,methanethiol,CH3SH,methyl mercaptan,74-93-1,LSDPWZHWYPCBBB-UHFFFAOYSA-N,51
15967,3.8E-3,3400,L,4031,602,4031,methanethiol,CH3SH,methyl mercaptan,74-93-1,LSDPWZHWYPCBBB-UHFFFAOYSA-N,51
15968,2.8E-3,3100,L,4031,675,4031,methanethiol,CH3SH,methyl mercaptan,74-93-1,LSDPWZHWYPCBBB-UHFFFAOYSA-N,51
15981,2.8E-3,3700,L,4032,603,4032,ethanethiol,C2H5SH,ethyl mercaptan,75-08-1,DNJIEGIFACGWOD-UHFFFAOYSA-N,51
15982,2.8E-3,3700,L,4032,602,4032,ethanethiol,C2H5SH,ethyl mercaptan,75-08-1,DNJIEGIFACGWOD-UHFFFAOYSA-N,51
16034,5.6E-3,3500,L,4051,729,4051,dimethyl sulfide,CH3SCH3,DMS,75-18-3,QMMFVYPAHWMCMS-UHFFFAOYSA-N,51
16035,5.3E-3,3500,L,4051,603,4051,dimethyl sulfide,CH3SCH3,DMS,75-18-3,QMMFVYPAHWMCMS-UHFFFAOYSA-N,51
16036,5.3E-3,3500,L,4051,602,4051,dimethyl sulfide,CH3SCH3,DMS,75-18-3,QMMFVYPAHWMCMS-UHFFFAOYSA-N,51
16037,5.2E-3,3600,L,4051,247,4051,dimethyl sulfide,CH3SCH3,DMS,75-18-3,QMMFVYPAHWMCMS-UHFFFAOYSA-N,51
16038,5.3E-3,3500,L,4051,675,4051,dimethyl sulfide,CH3SCH3,DMS,75-18-3,QMMFVYPAHWMCMS-UHFFFAOYSA-N,51
16115,6.1E-4,3900,L,4060,729,4060,carbon disulfide,CS2,,75-15-0,QGJOPFRUJISHPQ-UHFFFAOYSA-N,51
16116,6.1E-4,4300,L,4060,603,4060,carbon disulfide,CS2,,75-15-0,QGJOPFRUJISHPQ-UHFFFAOYSA-N,51
16117,6.1E-4,4300,L,4060,602,4060,carbon disulfide,CS2,,75-15-0,QGJOPFRUJISHPQ-UHFFFAOYSA-N,51
16178,2.1E-4,3300,L,4078,729,4078,carbon oxide sulfide,OCS,carbonyl sulfide,463-58-1,JJWKPURADFRFRB-UHFFFAOYSA-N,51
16179,2.0E-4,3500,L,4078,603,4078,carbon oxide sulfide,OCS,carbonyl sulfide,463-58-1,JJWKPURADFRFRB-UHFFFAOYSA-N,51
16180,2.0E-4,3500,L,4078,602,4078,carbon oxide sulfide,OCS,carbonyl sulfide,463-58-1,JJWKPURADFRFRB-UHFFFAOYSA-N,51
16181,2.1E-4,3000,L,4078,744,4078,carbon oxide sulfide,OCS,carbonyl sulfide,463-58-1,JJWKPURADFRFRB-UHFFFAOYSA-N,51
